Session,Dataset,Sketched in read-order,Sketched in non-read order,
6,File system,1,,
7,Junk drawer,,1,"Grouped items in boxes, filled boxes with ""logically associated"" items"
8,Power station,1,,
9,File system,1,,
10,Junk drawer,1,,
11,Power station,1,,
12,File system,1,,
13,Junk drawer,,,Unclear - drawing on iPad was not connected to Zoom
14,Power station,,1,"Wrote categories, then pointed to a table with counts"
15,File system,1,,
16,Junk drawer,1,,Had to loop around the axis
17,Power station,1,,
18,File system,1,,
19,Junk drawer,,,Unclear - video was moving b/c on mobile
20,Power station,1,,
21,File system,1,,
22,Junk drawer,,1,Grouped items
23,Power station,,1,"Aggregated the counts, wrote categories (""house"", ""apartments"", ""warehouses"" not in read order)"
24,Power station,1,,
25,Junk drawer,1,,
26,Power station,1,,"PS was given in non-alphabetical order. Wrote table labels in alpha order, but filled in read order"
27,File system,1,,
28,Junk drawer,1,,
29,Power station,1,,"PS was given in non-alphabetical order. Wrote table labels in alpha order, but filled in read order"
30,File system,1,,
31,Junk drawer,1,,
32,Power station,1,,
33,File system,1,,
,,22,4,