Age,Session Number,Data set,"Uses of the word ""obvious"" (or ""obviously"")",Occupation,"CS (1 = True, 0 = False)",Self-reported visualization use,Definition of visualization (chart or mental imagery or plain visual representation)
28,6,file system,2,"student (CS major, math minor)",1,"Always, due to current coursework",Charts
20,7,junk drawer,0,"student (CS major, MIS major)",1,Sometimes,Both charts and mental
21,8,power station,0,"student (CS major, math major)",1,Sometimes,Both charts and mental?
24,9,file system,1,"student (CS major, previous degree in neuroscience), sofware developer",1,Always,Charts
18,10,junk drawer,0,student (CS major),1,Sometimes,n/a
18,11,power station,0,student (CS major),1,Sometimes,Charts
19,12,file system,0,"student (CS major, biochemistry major), CS teacher assistant (TA)",1,Sometimes,Charts/Graphs
19,13,junk drawer,0,"student (CS major, information science major), part time job at campus' Global Center",1,Sometimes,n/a
21,14,power station,0,"student (CS major, information science major)",1,Sometimes,n/a
21,15,file system,0,student (CS major),1,Sometimes,"Trees, digraphs"
35,16,junk drawer,1,sales (financial modeling for software sales),0,Always,"Bar graph, inventories"
77,17,power station,0,"swim instructor, envrionmental work, substance abuse counselor",0,Sometimes,plain visual representation
43,18,file system,0,front-end web developer,1,Sometimes,Chart + thinking about data (not just thinking about style/appearance)
54,19,junk drawer,0,retired editor for research company,0,Never/Sometimes,"Analysts, Excel"
66,20,power station,0,compiler-focused software engineer,1,Sometimes,Graphs with loops and edges
56,21,file system,0,project manager at the Office of Information Technology for a school,1,Always,n/a
19,22,junk drawer,0,student (CS major),1,Always,mental imagery
25,23,power station,0,nurse,0,Sometimes,bar graph
20,24,power station,0,"student (CS major), research assistant",1,Sometimes,"data structures (e.g. arrays, dictionaries)"
19,25,junk drawer,0,"student (CS major), part time work on interactive map project",1,Always,"Maps, coursework and data sets and data structures"
37,26,power station,0,assistant vice provost for assessment and accreditation at a school (research analyst),0,Sometimes,"histograms, box plots, infographics"
23,27,file system,0,graduate research assistant in natural language processing,1,Sometimes,"data sets, hierarchy, tree"
19,28,junk drawer,1,student (CS major),1,Sometimes,"annotations, chart, arrows and connections"
22,29,power station,0,"student (chemical engineering major, information science major)",1,Sometimes,"mental imagery, tables, Excel spreadsheets"
43,30,file system,3,"data scientist, programmer",1,Sometimes,"statistical charts, JavaScript, radar graph"
36,31,junk drawer,0,Army wife,0,Sometimes,plain visual representation
26,32,power station,0,medical student (pediatric cardiology research background),0,Sometimes,charts
27,33,file system,1,consultant for financial services,0,Always,"charts, Excel, Powerpoint, bar graph, trend line"
,,,,,,,
30.7037037,,Mean age,,,20,Number of CS-related participants,
23,,Median age,,,,,
18,,Min age,,,,,
77,,Max age,,,,,